nr,rgb_img_I,rgb_img_II,depth_img_I,depth_img_II,x1,y1,z1,x2,y2,z2,K0,K1,K2,K3,K4,K5,K6,K7,K8
0,files/images/rgb_img_I/RGB00000.png,files/images/rgb_img_II/RGB00000.png,files/images/depth_img_I/D00000.npy,files/images/depth_img_II/D00000.npy,-0.3931876181136994,-0.6623409511077971,1.7339999973773956,-0.3485671327937217,0.7033556941719282,1.6784999519586563,570,0,320,0,570,240,0,0,1
1,files/images/rgb_img_I/RGB00001.png,files/images/rgb_img_II/RGB00001.png,files/images/depth_img_I/D00001.npy,files/images/depth_img_II/D00001.npy,-0.3931876181136994,-0.6623409511077971,1.7339999973773956,-0.3485671327937217,0.7033556941719282,1.6784999519586563,570,0,320,0,570,240,0,0,1
2,files/images/rgb_img_I/RGB00002.png,files/images/rgb_img_II/RGB00002.png,files/images/depth_img_I/D00002.npy,files/images/depth_img_II/D00002.npy,-0.4105542693819318,-0.687636163121178,1.7739999294281006,-0.3590385568993431,0.7100099712610244,1.6904999315738678,570,0,320,0,570,240,0,0,1
3,files/images/rgb_img_I/RGB00003.png,files/images/rgb_img_II/RGB00003.png,files/images/depth_img_I/D00003.npy,files/images/depth_img_II/D00003.npy,-0.4105542693819318,-0.687636163121178,1.7739999294281006,-0.3590385568993431,0.7100099712610244,1.6904999315738678,570,0,320,0,570,240,0,0,1
4,files/images/rgb_img_I/RGB00004.png,files/images/rgb_img_II/RGB00004.png,files/images/depth_img_I/D00004.npy,files/images/depth_img_II/D00004.npy,-0.4105542693819318,-0.687636163121178,1.7739999294281006,-0.3590385568993431,0.7100099712610244,1.6904999315738678,570,0,320,0,570,240,0,0,1
5,files/images/rgb_img_I/RGB00005.png,files/images/rgb_img_II/RGB00005.png,files/images/depth_img_I/D00005.npy,files/images/depth_img_II/D00005.npy,-0.2969490384062131,-0.8051909277126902,2.08249993622303,-0.2798133340619859,0.8413590502171289,2.069000005722046,570,0,320,0,570,240,0,0,1
6,files/images/rgb_img_I/RGB00006.png,files/images/rgb_img_II/RGB00006.png,files/images/depth_img_I/D00006.npy,files/images/depth_img_II/D00006.npy,-0.2969490384062131,-0.8051909277126902,2.08249993622303,-0.2798133340619859,0.8413590502171289,2.069000005722046,570,0,320,0,570,240,0,0,1
7,files/images/rgb_img_I/RGB00007.png,files/images/rgb_img_II/RGB00007.png,files/images/depth_img_I/D00007.npy,files/images/depth_img_II/D00007.npy,-0.2969490384062131,-0.8051909277126902,2.08249993622303,-0.2798133340619859,0.8413590502171289,2.069000005722046,570,0,320,0,570,240,0,0,1
8,files/images/rgb_img_I/RGB00008.png,files/images/rgb_img_II/RGB00008.png,files/images/depth_img_I/D00008.npy,files/images/depth_img_II/D00008.npy,-0.3144342746053423,-0.7860856865133559,2.037999927997589,-0.2738961912336803,0.8315238119590851,2.069000005722046,570,0,320,0,570,240,0,0,1
9,files/images/rgb_img_I/RGB00009.png,files/images/rgb_img_II/RGB00009.png,files/images/depth_img_I/D00009.npy,files/images/depth_img_II/D00009.npy,-0.106286189243907,-0.8634776071423576,2.238499969244004,-0.1362800016999245,0.7946942929001082,2.2680000215768814,570,0,320,0,570,240,0,0,1
10,files/images/rgb_img_I/RGB00010.png,files/images/rgb_img_II/RGB00010.png,files/images/depth_img_I/D00010.npy,files/images/depth_img_II/D00010.npy,-0.106286189243907,-0.8634776071423576,2.238499969244004,-0.1362800016999245,0.7946942929001082,2.2680000215768814,570,0,320,0,570,240,0,0,1
11,files/images/rgb_img_I/RGB00011.png,files/images/rgb_img_II/RGB00011.png,files/images/depth_img_I/D00011.npy,files/images/depth_img_II/D00011.npy,-0.106286189243907,-0.8634776071423576,2.238499969244004,-0.1362800016999245,0.7946942929001082,2.2680000215768814,570,0,320,0,570,240,0,0,1
12,files/images/rgb_img_I/RGB00012.png,files/images/rgb_img_II/RGB00012.png,files/images/depth_img_I/D00012.npy,files/images/depth_img_II/D00012.npy,-0.106286189243907,-0.8634776071423576,2.238499969244004,-0.1362800016999245,0.7946942929001082,2.2680000215768814,570,0,320,0,570,240,0,0,1
13,files/images/rgb_img_I/RGB00013.png,files/images/rgb_img_II/RGB00013.png,files/images/depth_img_I/D00013.npy,files/images/depth_img_II/D00013.npy,-0.4075999855995178,-0.7880266388257345,2.037999927997589,-0.3959542717252459,0.8559599697589875,2.037999927997589,570,0,320,0,570,240,0,0,1
14,files/images/rgb_img_I/RGB00014.png,files/images/rgb_img_II/RGB00014.png,files/images/depth_img_I/D00014.npy,files/images/depth_img_II/D00014.npy,-0.4075999855995178,-0.7880266388257345,2.037999927997589,-0.3959542717252459,0.8559599697589875,2.037999927997589,570,0,320,0,570,240,0,0,1
15,files/images/rgb_img_I/RGB00015.png,files/images/rgb_img_II/RGB00015.png,files/images/depth_img_I/D00015.npy,files/images/depth_img_II/D00015.npy,-0.4075999855995178,-0.7880266388257345,2.037999927997589,-0.3959542717252459,0.8559599697589875,2.037999927997589,570,0,320,0,570,240,0,0,1
16,files/images/rgb_img_I/RGB00016.png,files/images/rgb_img_II/RGB00016.png,files/images/depth_img_I/D00016.npy,files/images/depth_img_II/D00016.npy,-0.4075999855995178,-0.7880266388257345,2.037999927997589,-0.3959542717252459,0.8559599697589875,2.037999927997589,570,0,320,0,570,240,0,0,1
17,files/images/rgb_img_I/RGB00017.png,files/images/rgb_img_II/RGB00017.png,files/images/depth_img_I/D00017.npy,files/images/depth_img_II/D00017.npy,-0.4075999855995178,-0.7880266388257345,2.037999927997589,-0.3959542717252459,0.8559599697589875,2.037999927997589,570,0,320,0,570,240,0,0,1
18,files/images/rgb_img_I/RGB00018.png,files/images/rgb_img_II/RGB00018.png,files/images/depth_img_I/D00018.npy,files/images/depth_img_II/D00018.npy,-0.355194273165294,-0.7880266388257345,2.037999927997589,-0.3608209564572289,0.850920009613037,2.026000022888184,570,0,320,0,570,240,0,0,1
19,files/images/rgb_img_I/RGB00019.png,files/images/rgb_img_II/RGB00019.png,files/images/depth_img_I/D00019.npy,files/images/depth_img_II/D00019.npy,-0.355194273165294,-0.7880266388257345,2.037999927997589,-0.3608209564572289,0.850920009613037,2.026000022888184,570,0,320,0,570,240,0,0,1
20,files/images/rgb_img_I/RGB00020.png,files/images/rgb_img_II/RGB00020.png,files/images/depth_img_I/D00020.npy,files/images/depth_img_II/D00020.npy,-0.355194273165294,-0.7880266388257345,2.037999927997589,-0.3608209564572289,0.850920009613037,2.026000022888184,570,0,320,0,570,240,0,0,1
21,files/images/rgb_img_I/RGB00021.png,files/images/rgb_img_II/RGB00021.png,files/images/depth_img_I/D00021.npy,files/images/depth_img_II/D00021.npy,-0.355194273165294,-0.7880266388257345,2.037999927997589,-0.3608209564572289,0.850920009613037,2.026000022888184,570,0,320,0,570,240,0,0,1
22,files/images/rgb_img_I/RGB00022.png,files/images/rgb_img_II/RGB00022.png,files/images/depth_img_I/D00022.npy,files/images/depth_img_II/D00022.npy,-0.355194273165294,-0.7880266388257345,2.037999927997589,-0.3608209564572289,0.850920009613037,2.026000022888184,570,0,320,0,570,240,0,0,1
23,files/images/rgb_img_I/RGB00023.png,files/images/rgb_img_II/RGB00023.png,files/images/depth_img_I/D00023.npy,files/images/depth_img_II/D00023.npy,-0.355194273165294,-0.7880266388257345,2.037999927997589,-0.3608209564572289,0.850920009613037,2.026000022888184,570,0,320,0,570,240,0,0,1
24,files/images/rgb_img_I/RGB00024.png,files/images/rgb_img_II/RGB00024.png,files/images/depth_img_I/D00024.npy,files/images/depth_img_II/D00024.npy,-0.1479238099285534,-0.8085247650742531,2.18800000846386,-0.1485223799943924,0.8811604708433152,2.107499986886978,570,0,320,0,570,240,0,0,1
25,files/images/rgb_img_I/RGB00025.png,files/images/rgb_img_II/RGB00025.png,files/images/depth_img_I/D00025.npy,files/images/depth_img_II/D00025.npy,-0.1479238099285534,-0.8085247650742531,2.18800000846386,-0.1485223799943924,0.8811604708433152,2.107499986886978,570,0,320,0,570,240,0,0,1
26,files/images/rgb_img_I/RGB00026.png,files/images/rgb_img_II/RGB00026.png,files/images/depth_img_I/D00026.npy,files/images/depth_img_II/D00026.npy,-0.1479238099285534,-0.8085247650742531,2.18800000846386,-0.1485223799943924,0.8811604708433152,2.107499986886978,570,0,320,0,570,240,0,0,1
27,files/images/rgb_img_I/RGB00027.png,files/images/rgb_img_II/RGB00027.png,files/images/depth_img_I/D00027.npy,files/images/depth_img_II/D00027.npy,-0.1479238099285534,-0.8085247650742531,2.18800000846386,-0.1485223799943924,0.8811604708433152,2.107499986886978,570,0,320,0,570,240,0,0,1
28,files/images/rgb_img_I/RGB00028.png,files/images/rgb_img_II/RGB00028.png,files/images/depth_img_I/D00028.npy,files/images/depth_img_II/D00028.npy,-0.1479238099285534,-0.8085247650742531,2.18800000846386,-0.1485223799943924,0.8811604708433152,2.107499986886978,570,0,320,0,570,240,0,0,1
29,files/images/rgb_img_I/RGB00029.png,files/images/rgb_img_II/RGB00029.png,files/images/depth_img_I/D00029.npy,files/images/depth_img_II/D00029.npy,-0.1479238099285534,-0.8085247650742531,2.18800000846386,-0.1485223799943924,0.8811604708433152,2.107499986886978,570,0,320,0,570,240,0,0,1
30,files/images/rgb_img_I/RGB00030.png,files/images/rgb_img_II/RGB00030.png,files/images/depth_img_I/D00030.npy,files/images/depth_img_II/D00030.npy,-0.314300000667572,-1.0267133355140683,3.14300000667572,-0.3091628500393459,0.7432856971309298,3.278999924659729,570,0,320,0,570,240,0,0,1
31,files/images/rgb_img_I/RGB00031.png,files/images/rgb_img_II/RGB00031.png,files/images/depth_img_I/D00031.npy,files/images/depth_img_II/D00031.npy,-0.314300000667572,-1.0267133355140683,3.14300000667572,-0.3091628500393459,0.7432856971309298,3.278999924659729,570,0,320,0,570,240,0,0,1
32,files/images/rgb_img_I/RGB00032.png,files/images/rgb_img_II/RGB00032.png,files/images/depth_img_I/D00032.npy,files/images/depth_img_II/D00032.npy,-0.314300000667572,-1.0267133355140683,3.14300000667572,-0.3091628500393459,0.7432856971309298,3.278999924659729,570,0,320,0,570,240,0,0,1
33,files/images/rgb_img_I/RGB00033.png,files/images/rgb_img_II/RGB00033.png,files/images/depth_img_I/D00033.npy,files/images/depth_img_II/D00033.npy,-0.314300000667572,-1.0267133355140683,3.14300000667572,-0.3091628500393459,0.7432856971309298,3.278999924659729,570,0,320,0,570,240,0,0,1
34,files/images/rgb_img_I/RGB00034.png,files/images/rgb_img_II/RGB00034.png,files/images/depth_img_I/D00034.npy,files/images/depth_img_II/D00034.npy,-0.314300000667572,-1.0267133355140683,3.14300000667572,-0.3091628500393459,0.7432856971309298,3.278999924659729,570,0,320,0,570,240,0,0,1
35,files/images/rgb_img_I/RGB00035.png,files/images/rgb_img_II/RGB00035.png,files/images/depth_img_I/D00035.npy,files/images/depth_img_II/D00035.npy,-0.314300000667572,-1.0267133355140683,3.14300000667572,-0.3091628500393459,0.7432856971309298,3.278999924659729,570,0,320,0,570,240,0,0,1
36,files/images/rgb_img_I/RGB00036.png,files/images/rgb_img_II/RGB00036.png,files/images/depth_img_I/D00036.npy,files/images/depth_img_II/D00036.npy,-0.032288572192192,-0.633805713909013,2.80799999833107,0.0023038094951992,1.0490009537764955,2.50900000333786,570,0,320,0,570,240,0,0,1
37,files/images/rgb_img_I/RGB00037.png,files/images/rgb_img_II/RGB00037.png,files/images/depth_img_I/D00037.npy,files/images/depth_img_II/D00037.npy,-0.032288572192192,-0.633805713909013,2.80799999833107,0.0023038094951992,1.0490009537764955,2.50900000333786,570,0,320,0,570,240,0,0,1
38,files/images/rgb_img_I/RGB00038.png,files/images/rgb_img_II/RGB00038.png,files/images/depth_img_I/D00038.npy,files/images/depth_img_II/D00038.npy,-0.032288572192192,-0.633805713909013,2.80799999833107,0.0023038094951992,1.0490009537764955,2.50900000333786,570,0,320,0,570,240,0,0,1
39,files/images/rgb_img_I/RGB00039.png,files/images/rgb_img_II/RGB00039.png,files/images/depth_img_I/D00039.npy,files/images/depth_img_II/D00039.npy,-0.032288572192192,-0.633805713909013,2.80799999833107,0.0023038094951992,1.0490009537764955,2.50900000333786,570,0,320,0,570,240,0,0,1
40,files/images/rgb_img_I/RGB00040.png,files/images/rgb_img_II/RGB00040.png,files/images/depth_img_I/D00040.npy,files/images/depth_img_II/D00040.npy,-0.032288572192192,-0.633805713909013,2.80799999833107,0.0023038094951992,1.0490009537764955,2.50900000333786,570,0,320,0,570,240,0,0,1
41,files/images/rgb_img_I/RGB00041.png,files/images/rgb_img_II/RGB00041.png,files/images/depth_img_I/D00041.npy,files/images/depth_img_II/D00041.npy,-0.032288572192192,-0.633805713909013,2.80799999833107,0.0023038094951992,1.0490009537764955,2.50900000333786,570,0,320,0,570,240,0,0,1
42,files/images/rgb_img_I/RGB00042.png,files/images/rgb_img_II/RGB00042.png,files/images/depth_img_I/D00042.npy,files/images/depth_img_II/D00042.npy,-0.3049314277512687,-0.8131504740033833,2.48199999332428,-0.3008142844552085,0.9508123771065756,2.4289999902248383,570,0,320,0,570,240,0,0,1
43,files/images/rgb_img_I/RGB00043.png,files/images/rgb_img_II/RGB00043.png,files/images/depth_img_I/D00043.npy,files/images/depth_img_II/D00043.npy,-0.3049314277512687,-0.8131504740033833,2.48199999332428,-0.3008142844552085,0.9508123771065756,2.4289999902248383,570,0,320,0,570,240,0,0,1
44,files/images/rgb_img_I/RGB00044.png,files/images/rgb_img_II/RGB00044.png,files/images/depth_img_I/D00044.npy,files/images/depth_img_II/D00044.npy,-0.3049314277512687,-0.8131504740033833,2.48199999332428,-0.3008142844552085,0.9508123771065756,2.4289999902248383,570,0,320,0,570,240,0,0,1
45,files/images/rgb_img_I/RGB00045.png,files/images/rgb_img_II/RGB00045.png,files/images/depth_img_I/D00045.npy,files/images/depth_img_II/D00045.npy,-0.3049314277512687,-0.8131504740033833,2.48199999332428,-0.3008142844552085,0.9508123771065756,2.4289999902248383,570,0,320,0,570,240,0,0,1
46,files/images/rgb_img_I/RGB00046.png,files/images/rgb_img_II/RGB00046.png,files/images/depth_img_I/D00046.npy,files/images/depth_img_II/D00046.npy,-0.3049314277512687,-0.8131504740033833,2.48199999332428,-0.3008142844552085,0.9508123771065756,2.4289999902248383,570,0,320,0,570,240,0,0,1
47,files/images/rgb_img_I/RGB00047.png,files/images/rgb_img_II/RGB00047.png,files/images/depth_img_I/D00047.npy,files/images/depth_img_II/D00047.npy,-0.1892266591389974,-0.687636163121178,1.7739999294281006,-0.1433304768942651,0.7693761948318709,1.836000010371208,570,0,320,0,570,240,0,0,1
48,files/images/rgb_img_I/RGB00048.png,files/images/rgb_img_II/RGB00048.png,files/images/depth_img_I/D00048.npy,files/images/depth_img_II/D00048.npy,-0.1892266591389974,-0.687636163121178,1.7739999294281006,-0.1433304768942651,0.7693761948318709,1.836000010371208,570,0,320,0,570,240,0,0,1
49,files/images/rgb_img_I/RGB00049.png,files/images/rgb_img_II/RGB00049.png,files/images/depth_img_I/D00049.npy,files/images/depth_img_II/D00049.npy,-0.1892266591389974,-0.687636163121178,1.7739999294281006,-0.1433304768942651,0.7693761948318709,1.836000010371208,570,0,320,0,570,240,0,0,1
50,files/images/rgb_img_I/RGB00050.png,files/images/rgb_img_II/RGB00050.png,files/images/depth_img_I/D00050.npy,files/images/depth_img_II/D00050.npy,-0.1892266591389974,-0.687636163121178,1.7739999294281006,-0.1433304768942651,0.7693761948318709,1.836000010371208,570,0,320,0,570,240,0,0,1
51,files/images/rgb_img_I/RGB00051.png,files/images/rgb_img_II/RGB00051.png,files/images/depth_img_I/D00051.npy,files/images/depth_img_II/D00051.npy,-0.039076191115947,-0.5440476264981996,1.4140000194311142,-0.027592856259573,0.640289980173111,1.5244999527931211,570,0,320,0,570,240,0,0,1
52,files/images/rgb_img_I/RGB00052.png,files/images/rgb_img_II/RGB00052.png,files/images/depth_img_I/D00052.npy,files/images/depth_img_II/D00052.npy,-0.039076191115947,-0.5440476264981996,1.4140000194311142,-0.027592856259573,0.640289980173111,1.5244999527931211,570,0,320,0,570,240,0,0,1
53,files/images/rgb_img_I/RGB00053.png,files/images/rgb_img_II/RGB00053.png,files/images/depth_img_I/D00053.npy,files/images/depth_img_II/D00053.npy,-0.039076191115947,-0.5440476264981996,1.4140000194311142,-0.027592856259573,0.640289980173111,1.5244999527931211,570,0,320,0,570,240,0,0,1
54,files/images/rgb_img_I/RGB00054.png,files/images/rgb_img_II/RGB00054.png,files/images/depth_img_I/D00054.npy,files/images/depth_img_II/D00054.npy,-0.039076191115947,-0.5440476264981996,1.4140000194311142,-0.027592856259573,0.640289980173111,1.5244999527931211,570,0,320,0,570,240,0,0,1
55,files/images/rgb_img_I/RGB00055.png,files/images/rgb_img_II/RGB00055.png,files/images/depth_img_I/D00055.npy,files/images/depth_img_II/D00055.npy,-0.1136000037193298,-0.5477143036467689,1.420000046491623,-0.0972842826729729,0.6344690280301231,1.5244999527931211,570,0,320,0,570,240,0,0,1
56,files/images/rgb_img_I/RGB00056.png,files/images/rgb_img_II/RGB00056.png,files/images/depth_img_I/D00056.npy,files/images/depth_img_II/D00056.npy,-0.1136000037193298,-0.5477143036467689,1.420000046491623,-0.0972842826729729,0.6344690280301231,1.5244999527931211,570,0,320,0,570,240,0,0,1
57,files/images/rgb_img_I/RGB00057.png,files/images/rgb_img_II/RGB00057.png,files/images/depth_img_I/D00057.npy,files/images/depth_img_II/D00057.npy,-0.1136000037193298,-0.5477143036467689,1.420000046491623,-0.0972842826729729,0.6344690280301231,1.5244999527931211,570,0,320,0,570,240,0,0,1
58,files/images/rgb_img_I/RGB00058.png,files/images/rgb_img_II/RGB00058.png,files/images/depth_img_I/D00058.npy,files/images/depth_img_II/D00058.npy,-0.1136000037193298,-0.5477143036467689,1.420000046491623,-0.0972842826729729,0.6344690280301231,1.5244999527931211,570,0,320,0,570,240,0,0,1
59,files/images/rgb_img_I/RGB00059.png,files/images/rgb_img_II/RGB00059.png,files/images/depth_img_I/D00059.npy,files/images/depth_img_II/D00059.npy,-0.1136000037193298,-0.5477143036467689,1.420000046491623,-0.0972842826729729,0.6344690280301231,1.5244999527931211,570,0,320,0,570,240,0,0,1
60,files/images/rgb_img_I/RGB00060.png,files/images/rgb_img_II/RGB00060.png,files/images/depth_img_I/D00060.npy,files/images/depth_img_II/D00060.npy,-0.1136000037193298,-0.5477143036467689,1.420000046491623,-0.0972842826729729,0.6344690280301231,1.5244999527931211,570,0,320,0,570,240,0,0,1
61,files/images/rgb_img_I/RGB00061.png,files/images/rgb_img_II/RGB00061.png,files/images/depth_img_I/D00061.npy,files/images/depth_img_II/D00061.npy,-0.2850476165612539,-0.7907142788171768,2.0499999821186066,-0.2954571438687188,0.930142860327448,2.298000007867813,570,0,320,0,570,240,0,0,1
62,files/images/rgb_img_I/RGB00062.png,files/images/rgb_img_II/RGB00062.png,files/images/depth_img_I/D00062.npy,files/images/depth_img_II/D00062.npy,-0.2850476165612539,-0.7907142788171768,2.0499999821186066,-0.2954571438687188,0.930142860327448,2.298000007867813,570,0,320,0,570,240,0,0,1
63,files/images/rgb_img_I/RGB00063.png,files/images/rgb_img_II/RGB00063.png,files/images/depth_img_I/D00063.npy,files/images/depth_img_II/D00063.npy,-0.2850476165612539,-0.7907142788171768,2.0499999821186066,-0.2954571438687188,0.930142860327448,2.298000007867813,570,0,320,0,570,240,0,0,1
64,files/images/rgb_img_I/RGB00064.png,files/images/rgb_img_II/RGB00064.png,files/images/depth_img_I/D00064.npy,files/images/depth_img_II/D00064.npy,-0.2850476165612539,-0.7907142788171768,2.0499999821186066,-0.2954571438687188,0.930142860327448,2.298000007867813,570,0,320,0,570,240,0,0,1
65,files/images/rgb_img_I/RGB00065.png,files/images/rgb_img_II/RGB00065.png,files/images/depth_img_I/D00065.npy,files/images/depth_img_II/D00065.npy,-0.2850476165612539,-0.7907142788171768,2.0499999821186066,-0.2954571438687188,0.930142860327448,2.298000007867813,570,0,320,0,570,240,0,0,1
66,files/images/rgb_img_I/RGB00066.png,files/images/rgb_img_II/RGB00066.png,files/images/depth_img_I/D00066.npy,files/images/depth_img_II/D00066.npy,-0.2850476165612539,-0.7907142788171768,2.0499999821186066,-0.2954571438687188,0.930142860327448,2.298000007867813,570,0,320,0,570,240,0,0,1
67,files/images/rgb_img_I/RGB00067.png,files/images/rgb_img_II/RGB00067.png,files/images/depth_img_I/D00067.npy,files/images/depth_img_II/D00067.npy,-0.2850476165612539,-0.7907142788171768,2.0499999821186066,-0.2954571438687188,0.930142860327448,2.298000007867813,570,0,320,0,570,240,0,0,1
68,files/images/rgb_img_I/RGB00068.png,files/images/rgb_img_II/RGB00068.png,files/images/depth_img_I/D00068.npy,files/images/depth_img_II/D00068.npy,-0.2850476165612539,-0.7907142788171768,2.0499999821186066,-0.2954571438687188,0.930142860327448,2.298000007867813,570,0,320,0,570,240,0,0,1
69,files/images/rgb_img_I/RGB00069.png,files/images/rgb_img_II/RGB00069.png,files/images/depth_img_I/D00069.npy,files/images/depth_img_II/D00069.npy,-0.2850476165612539,-0.7907142788171768,2.0499999821186066,-0.2954571438687188,0.930142860327448,2.298000007867813,570,0,320,0,570,240,0,0,1
70,files/images/rgb_img_I/RGB00070.png,files/images/rgb_img_II/RGB00070.png,files/images/depth_img_I/D00070.npy,files/images/depth_img_II/D00070.npy,-0.2850476165612539,-0.7907142788171768,2.0499999821186066,-0.2954571438687188,0.930142860327448,2.298000007867813,570,0,320,0,570,240,0,0,1
71,files/images/rgb_img_I/RGB00071.png,files/images/rgb_img_II/RGB00071.png,files/images/depth_img_I/D00071.npy,files/images/depth_img_II/D00071.npy,-0.0261733336108071,-0.660373340334211,2.1140000224113464,-0.0337966661368097,0.9309157014602708,2.2164999693632126,570,0,320,0,570,240,0,0,1
72,files/images/rgb_img_I/RGB00072.png,files/images/rgb_img_II/RGB00072.png,files/images/depth_img_I/D00072.npy,files/images/depth_img_II/D00072.npy,-0.0261733336108071,-0.660373340334211,2.1140000224113464,-0.0337966661368097,0.9309157014602708,2.2164999693632126,570,0,320,0,570,240,0,0,1
73,files/images/rgb_img_I/RGB00073.png,files/images/rgb_img_II/RGB00073.png,files/images/depth_img_I/D00073.npy,files/images/depth_img_II/D00073.npy,-0.0261733336108071,-0.660373340334211,2.1140000224113464,-0.0337966661368097,0.9309157014602708,2.2164999693632126,570,0,320,0,570,240,0,0,1
74,files/images/rgb_img_I/RGB00074.png,files/images/rgb_img_II/RGB00074.png,files/images/depth_img_I/D00074.npy,files/images/depth_img_II/D00074.npy,-0.0261733336108071,-0.660373340334211,2.1140000224113464,-0.0337966661368097,0.9309157014602708,2.2164999693632126,570,0,320,0,570,240,0,0,1
75,files/images/rgb_img_I/RGB00075.png,files/images/rgb_img_II/RGB00075.png,files/images/depth_img_I/D00075.npy,files/images/depth_img_II/D00075.npy,-0.0261733336108071,-0.660373340334211,2.1140000224113464,-0.0337966661368097,0.9309157014602708,2.2164999693632126,570,0,320,0,570,240,0,0,1
76,files/images/rgb_img_I/RGB00076.png,files/images/rgb_img_II/RGB00076.png,files/images/depth_img_I/D00076.npy,files/images/depth_img_II/D00076.npy,-0.0261733336108071,-0.660373340334211,2.1140000224113464,-0.0337966661368097,0.9309157014602708,2.2164999693632126,570,0,320,0,570,240,0,0,1
77,files/images/rgb_img_I/RGB00077.png,files/images/rgb_img_II/RGB00077.png,files/images/depth_img_I/D00077.npy,files/images/depth_img_II/D00077.npy,-0.0261733336108071,-0.660373340334211,2.1140000224113464,-0.0337966661368097,0.9309157014602708,2.2164999693632126,570,0,320,0,570,240,0,0,1
78,files/images/rgb_img_I/RGB00078.png,files/images/rgb_img_II/RGB00078.png,files/images/depth_img_I/D00078.npy,files/images/depth_img_II/D00078.npy,-0.0261733336108071,-0.660373340334211,2.1140000224113464,-0.0337966661368097,0.9309157014602708,2.2164999693632126,570,0,320,0,570,240,0,0,1
79,files/images/rgb_img_I/RGB00079.png,files/images/rgb_img_II/RGB00079.png,files/images/depth_img_I/D00079.npy,files/images/depth_img_II/D00079.npy,-0.0261733336108071,-0.660373340334211,2.1140000224113464,-0.0337966661368097,0.9309157014602708,2.2164999693632126,570,0,320,0,570,240,0,0,1
80,files/images/rgb_img_I/RGB00080.png,files/images/rgb_img_II/RGB00080.png,files/images/depth_img_I/D00080.npy,files/images/depth_img_II/D00080.npy,-0.0261733336108071,-0.660373340334211,2.1140000224113464,-0.0337966661368097,0.9309157014602708,2.2164999693632126,570,0,320,0,570,240,0,0,1
81,files/images/rgb_img_I/RGB00081.png,files/images/rgb_img_II/RGB00081.png,files/images/depth_img_I/D00081.npy,files/images/depth_img_II/D00081.npy,-0.0261733336108071,-0.660373340334211,2.1140000224113464,-0.0337966661368097,0.9309157014602708,2.2164999693632126,570,0,320,0,570,240,0,0,1
82,files/images/rgb_img_I/RGB00082.png,files/images/rgb_img_II/RGB00082.png,files/images/depth_img_I/D00082.npy,files/images/depth_img_II/D00082.npy,-0.0261733336108071,-0.660373340334211,2.1140000224113464,-0.0337966661368097,0.9309157014602708,2.2164999693632126,570,0,320,0,570,240,0,0,1
83,files/images/rgb_img_I/RGB00083.png,files/images/rgb_img_II/RGB00083.png,files/images/depth_img_I/D00083.npy,files/images/depth_img_II/D00083.npy,0.0565400015030588,-0.4737266796685401,1.8560000509023664,0.0939361935570126,0.7763028826032365,1.861000061035156,570,0,320,0,570,240,0,0,1
84,files/images/rgb_img_I/RGB00084.png,files/images/rgb_img_II/RGB00084.png,files/images/depth_img_I/D00084.npy,files/images/depth_img_II/D00084.npy,0.0565400015030588,-0.4737266796685401,1.8560000509023664,0.0939361935570126,0.7763028826032365,1.861000061035156,570,0,320,0,570,240,0,0,1
85,files/images/rgb_img_I/RGB00085.png,files/images/rgb_img_II/RGB00085.png,files/images/depth_img_I/D00085.npy,files/images/depth_img_II/D00085.npy,0.0565400015030588,-0.4737266796685401,1.8560000509023664,0.0939361935570126,0.7763028826032365,1.861000061035156,570,0,320,0,570,240,0,0,1
86,files/images/rgb_img_I/RGB00086.png,files/images/rgb_img_II/RGB00086.png,files/images/depth_img_I/D00086.npy,files/images/depth_img_II/D00086.npy,0.0428766672809918,-0.4628109587799934,1.876500025391579,0.0724628591111728,0.7742124021762893,1.8560000509023664,570,0,320,0,570,240,0,0,1
87,files/images/rgb_img_I/RGB00087.png,files/images/rgb_img_II/RGB00087.png,files/images/depth_img_I/D00087.npy,files/images/depth_img_II/D00087.npy,0.0428766672809918,-0.4628109587799934,1.876500025391579,0.0724628591111728,0.7742124021762893,1.8560000509023664,570,0,320,0,570,240,0,0,1
88,files/images/rgb_img_I/RGB00088.png,files/images/rgb_img_II/RGB00088.png,files/images/depth_img_I/D00088.npy,files/images/depth_img_II/D00088.npy,0.0428766672809918,-0.4628109587799934,1.876500025391579,0.0724628591111728,0.7742124021762893,1.8560000509023664,570,0,320,0,570,240,0,0,1
89,files/images/rgb_img_I/RGB00089.png,files/images/rgb_img_II/RGB00089.png,files/images/depth_img_I/D00089.npy,files/images/depth_img_II/D00089.npy,0.0428766672809918,-0.4628109587799934,1.876500025391579,0.0724628591111728,0.7742124021762893,1.8560000509023664,570,0,320,0,570,240,0,0,1
90,files/images/rgb_img_I/RGB00090.png,files/images/rgb_img_II/RGB00090.png,files/images/depth_img_I/D00090.npy,files/images/depth_img_II/D00090.npy,0.0428766672809918,-0.4628109587799934,1.876500025391579,0.0724628591111728,0.7742124021762893,1.8560000509023664,570,0,320,0,570,240,0,0,1
91,files/images/rgb_img_I/RGB00091.png,files/images/rgb_img_II/RGB00091.png,files/images/depth_img_I/D00091.npy,files/images/depth_img_II/D00091.npy,0.0036038095042819,-0.4702971403087888,1.891999989748001,0.0478542872837611,0.7727581205822174,1.861000061035156,570,0,320,0,570,240,0,0,1
92,files/images/rgb_img_I/RGB00092.png,files/images/rgb_img_II/RGB00092.png,files/images/depth_img_I/D00092.npy,files/images/depth_img_II/D00092.npy,0.0036038095042819,-0.4702971403087888,1.891999989748001,0.0478542872837611,0.7727581205822174,1.861000061035156,570,0,320,0,570,240,0,0,1
93,files/images/rgb_img_I/RGB00093.png,files/images/rgb_img_II/RGB00093.png,files/images/depth_img_I/D00093.npy,files/images/depth_img_II/D00093.npy,0.0036038095042819,-0.4702971403087888,1.891999989748001,0.0478542872837611,0.7727581205822174,1.861000061035156,570,0,320,0,570,240,0,0,1
94,files/images/rgb_img_I/RGB00094.png,files/images/rgb_img_II/RGB00094.png,files/images/depth_img_I/D00094.npy,files/images/depth_img_II/D00094.npy,-0.2823633350077129,-0.607420479683649,1.950500011444092,-0.2652838005906059,0.7015637858992531,1.6779999434947968,570,0,320,0,570,240,0,0,1
95,files/images/rgb_img_I/RGB00095.png,files/images/rgb_img_II/RGB00095.png,files/images/depth_img_I/D00095.npy,files/images/depth_img_II/D00095.npy,-0.2823633350077129,-0.607420479683649,1.950500011444092,-0.2652838005906059,0.7015637858992531,1.6779999434947968,570,0,320,0,570,240,0,0,1
96,files/images/rgb_img_I/RGB00096.png,files/images/rgb_img_II/RGB00096.png,files/images/depth_img_I/D00096.npy,files/images/depth_img_II/D00096.npy,-0.2823633350077129,-0.607420479683649,1.950500011444092,-0.2652838005906059,0.7015637858992531,1.6779999434947968,570,0,320,0,570,240,0,0,1
97,files/images/rgb_img_I/RGB00097.png,files/images/rgb_img_II/RGB00097.png,files/images/depth_img_I/D00097.npy,files/images/depth_img_II/D00097.npy,-0.2823633350077129,-0.607420479683649,1.950500011444092,-0.2652838005906059,0.7015637858992531,1.6779999434947968,570,0,320,0,570,240,0,0,1
98,files/images/rgb_img_I/RGB00098.png,files/images/rgb_img_II/RGB00098.png,files/images/depth_img_I/D00098.npy,files/images/depth_img_II/D00098.npy,-0.2823633350077129,-0.607420479683649,1.950500011444092,-0.2652838005906059,0.7015637858992531,1.6779999434947968,570,0,320,0,570,240,0,0,1
99,files/images/rgb_img_I/RGB00099.png,files/images/rgb_img_II/RGB00099.png,files/images/depth_img_I/D00099.npy,files/images/depth_img_II/D00099.npy,-0.2823633350077129,-0.607420479683649,1.950500011444092,-0.2652838005906059,0.7015637858992531,1.6779999434947968,570,0,320,0,570,240,0,0,1
100,files/images/rgb_img_I/RGB00100.png,files/images/rgb_img_II/RGB00100.png,files/images/depth_img_I/D00100.npy,files/images/depth_img_II/D00100.npy,-0.2823633350077129,-0.607420479683649,1.950500011444092,-0.2652838005906059,0.7015637858992531,1.6779999434947968,570,0,320,0,570,240,0,0,1
101,files/images/rgb_img_I/RGB00101.png,files/images/rgb_img_II/RGB00101.png,files/images/depth_img_I/D00101.npy,files/images/depth_img_II/D00101.npy,0.2328285617487771,-0.1750228498663221,1.6859999299049375,0.2265104668481009,0.3412961763995034,1.606999933719635,570,0,320,0,570,240,0,0,1
102,files/images/rgb_img_I/RGB00102.png,files/images/rgb_img_II/RGB00102.png,files/images/depth_img_I/D00102.npy,files/images/depth_img_II/D00102.npy,0.2296171333108629,-0.1782342783042362,1.6859999299049375,0.231677143062864,0.3360161909035274,1.6110000014305117,570,0,320,0,570,240,0,0,1
103,files/images/rgb_img_I/RGB00103.png,files/images/rgb_img_II/RGB00103.png,files/images/depth_img_I/D00103.npy,files/images/depth_img_II/D00103.npy,0.2296171333108629,-0.1782342783042362,1.6859999299049375,0.231677143062864,0.3360161909035274,1.6110000014305117,570,0,320,0,570,240,0,0,1
104,files/images/rgb_img_I/RGB00104.png,files/images/rgb_img_II/RGB00104.png,files/images/depth_img_I/D00104.npy,files/images/depth_img_II/D00104.npy,0.2296171333108629,-0.1782342783042362,1.6859999299049375,0.231677143062864,0.3360161909035274,1.6110000014305117,570,0,320,0,570,240,0,0,1
105,files/images/rgb_img_I/RGB00105.png,files/images/rgb_img_II/RGB00105.png,files/images/depth_img_I/D00105.npy,files/images/depth_img_II/D00105.npy,0.2296171333108629,-0.1782342783042362,1.6859999299049375,0.231677143062864,0.3360161909035274,1.6110000014305117,570,0,320,0,570,240,0,0,1
106,files/images/rgb_img_I/RGB00106.png,files/images/rgb_img_II/RGB00106.png,files/images/depth_img_I/D00106.npy,files/images/depth_img_II/D00106.npy,0.2296171333108629,-0.1782342783042362,1.6859999299049375,0.231677143062864,0.3360161909035274,1.6110000014305117,570,0,320,0,570,240,0,0,1
107,files/images/rgb_img_I/RGB00107.png,files/images/rgb_img_II/RGB00107.png,files/images/depth_img_I/D00107.npy,files/images/depth_img_II/D00107.npy,0.2296171333108629,-0.1782342783042362,1.6859999299049375,0.231677143062864,0.3360161909035274,1.6110000014305117,570,0,320,0,570,240,0,0,1
108,files/images/rgb_img_I/RGB00108.png,files/images/rgb_img_II/RGB00108.png,files/images/depth_img_I/D00108.npy,files/images/depth_img_II/D00108.npy,0.2296171333108629,-0.1782342783042362,1.6859999299049375,0.231677143062864,0.3360161909035274,1.6110000014305117,570,0,320,0,570,240,0,0,1
109,files/images/rgb_img_I/RGB00109.png,files/images/rgb_img_II/RGB00109.png,files/images/depth_img_I/D00109.npy,files/images/depth_img_II/D00109.npy,0.2296171333108629,-0.1782342783042362,1.6859999299049375,0.231677143062864,0.3360161909035274,1.6110000014305117,570,0,320,0,570,240,0,0,1
110,files/images/rgb_img_I/RGB00110.png,files/images/rgb_img_II/RGB00110.png,files/images/depth_img_I/D00110.npy,files/images/depth_img_II/D00110.npy,0.2296171333108629,-0.1782342783042362,1.6859999299049375,0.231677143062864,0.3360161909035274,1.6110000014305117,570,0,320,0,570,240,0,0,1
111,files/images/rgb_img_I/RGB00111.png,files/images/rgb_img_II/RGB00111.png,files/images/depth_img_I/D00111.npy,files/images/depth_img_II/D00111.npy,0.2296171333108629,-0.1782342783042362,1.6859999299049375,0.231677143062864,0.3360161909035274,1.6110000014305117,570,0,320,0,570,240,0,0,1
112,files/images/rgb_img_I/RGB00112.png,files/images/rgb_img_II/RGB00112.png,files/images/depth_img_I/D00112.npy,files/images/depth_img_II/D00112.npy,0.2296171333108629,-0.1782342783042362,1.6859999299049375,0.231677143062864,0.3360161909035274,1.6110000014305117,570,0,320,0,570,240,0,0,1
113,files/images/rgb_img_I/RGB00113.png,files/images/rgb_img_II/RGB00113.png,files/images/depth_img_I/D00113.npy,files/images/depth_img_II/D00113.npy,0.2296171333108629,-0.1782342783042362,1.6859999299049375,0.231677143062864,0.3360161909035274,1.6110000014305117,570,0,320,0,570,240,0,0,1
114,files/images/rgb_img_I/RGB00114.png,files/images/rgb_img_II/RGB00114.png,files/images/depth_img_I/D00114.npy,files/images/depth_img_II/D00114.npy,0.2296171333108629,-0.1782342783042362,1.6859999299049375,0.231677143062864,0.3360161909035274,1.6110000014305117,570,0,320,0,570,240,0,0,1
115,files/images/rgb_img_I/RGB00115.png,files/images/rgb_img_II/RGB00115.png,files/images/depth_img_I/D00115.npy,files/images/depth_img_II/D00115.npy,0.2296171333108629,-0.1782342783042362,1.6859999299049375,0.231677143062864,0.3360161909035274,1.6110000014305117,570,0,320,0,570,240,0,0,1
116,files/images/rgb_img_I/RGB00116.png,files/images/rgb_img_II/RGB00116.png,files/images/depth_img_I/D00116.npy,files/images/depth_img_II/D00116.npy,0.2296171333108629,-0.1782342783042362,1.6859999299049375,0.231677143062864,0.3360161909035274,1.6110000014305117,570,0,320,0,570,240,0,0,1
117,files/images/rgb_img_I/RGB00117.png,files/images/rgb_img_II/RGB00117.png,files/images/depth_img_I/D00117.npy,files/images/depth_img_II/D00117.npy,0.2296171333108629,-0.1782342783042362,1.6859999299049375,0.231677143062864,0.3360161909035274,1.6110000014305117,570,0,320,0,570,240,0,0,1
118,files/images/rgb_img_I/RGB00118.png,files/images/rgb_img_II/RGB00118.png,files/images/depth_img_I/D00118.npy,files/images/depth_img_II/D00118.npy,0.2296171333108629,-0.1782342783042362,1.6859999299049375,0.231677143062864,0.3360161909035274,1.6110000014305117,570,0,320,0,570,240,0,0,1
119,files/images/rgb_img_I/RGB00119.png,files/images/rgb_img_II/RGB00119.png,files/images/depth_img_I/D00119.npy,files/images/depth_img_II/D00119.npy,0.2296171333108629,-0.1782342783042362,1.6859999299049375,0.231677143062864,0.3360161909035274,1.6110000014305117,570,0,320,0,570,240,0,0,1
120,files/images/rgb_img_I/RGB00120.png,files/images/rgb_img_II/RGB00120.png,files/images/depth_img_I/D00120.npy,files/images/depth_img_II/D00120.npy,0.2296171333108629,-0.1782342783042362,1.6859999299049375,0.231677143062864,0.3360161909035274,1.6110000014305117,570,0,320,0,570,240,0,0,1
121,files/images/rgb_img_I/RGB00121.png,files/images/rgb_img_II/RGB00121.png,files/images/depth_img_I/D00121.npy,files/images/depth_img_II/D00121.npy,0.2296171333108629,-0.1782342783042362,1.6859999299049375,0.231677143062864,0.3360161909035274,1.6110000014305117,570,0,320,0,570,240,0,0,1
122,files/images/rgb_img_I/RGB00122.png,files/images/rgb_img_II/RGB00122.png,files/images/depth_img_I/D00122.npy,files/images/depth_img_II/D00122.npy,0.0998533342211019,-0.3365771458617278,1.178000010550022,0.1055357151797839,0.1800071444539797,1.303500011563301,570,0,320,0,570,240,0,0,1
123,files/images/rgb_img_I/RGB00123.png,files/images/rgb_img_II/RGB00123.png,files/images/depth_img_I/D00123.npy,files/images/depth_img_II/D00123.npy,0.0998533342211019,-0.3365771458617278,1.178000010550022,0.1055357151797839,0.1800071444539797,1.303500011563301,570,0,320,0,570,240,0,0,1
124,files/images/rgb_img_I/RGB00124.png,files/images/rgb_img_II/RGB00124.png,files/images/depth_img_I/D00124.npy,files/images/depth_img_II/D00124.npy,0.0998533342211019,-0.3365771458617278,1.178000010550022,0.1055357151797839,0.1800071444539797,1.303500011563301,570,0,320,0,570,240,0,0,1
125,files/images/rgb_img_I/RGB00125.png,files/images/rgb_img_II/RGB00125.png,files/images/depth_img_I/D00125.npy,files/images/depth_img_II/D00125.npy,0.0998533342211019,-0.3365771458617278,1.178000010550022,0.1055357151797839,0.1800071444539797,1.303500011563301,570,0,320,0,570,240,0,0,1
126,files/images/rgb_img_I/RGB00126.png,files/images/rgb_img_II/RGB00126.png,files/images/depth_img_I/D00126.npy,files/images/depth_img_II/D00126.npy,0.0998533342211019,-0.3365771458617278,1.178000010550022,0.1055357151797839,0.1800071444539797,1.303500011563301,570,0,320,0,570,240,0,0,1
127,files/images/rgb_img_I/RGB00127.png,files/images/rgb_img_II/RGB00127.png,files/images/depth_img_I/D00127.npy,files/images/depth_img_II/D00127.npy,0.0998533342211019,-0.3365771458617278,1.178000010550022,0.1055357151797839,0.1800071444539797,1.303500011563301,570,0,320,0,570,240,0,0,1
128,files/images/rgb_img_I/RGB00128.png,files/images/rgb_img_II/RGB00128.png,files/images/depth_img_I/D00128.npy,files/images/depth_img_II/D00128.npy,0.0998533342211019,-0.3365771458617278,1.178000010550022,0.1055357151797839,0.1800071444539797,1.303500011563301,570,0,320,0,570,240,0,0,1
129,files/images/rgb_img_I/RGB00129.png,files/images/rgb_img_II/RGB00129.png,files/images/depth_img_I/D00129.npy,files/images/depth_img_II/D00129.npy,0.0998533342211019,-0.3365771458617278,1.178000010550022,0.1055357151797839,0.1800071444539797,1.303500011563301,570,0,320,0,570,240,0,0,1
130,files/images/rgb_img_I/RGB00130.png,files/images/rgb_img_II/RGB00130.png,files/images/depth_img_I/D00130.npy,files/images/depth_img_II/D00130.npy,0.0998533342211019,-0.3365771458617278,1.178000010550022,0.1055357151797839,0.1800071444539797,1.303500011563301,570,0,320,0,570,240,0,0,1
131,files/images/rgb_img_I/RGB00131.png,files/images/rgb_img_II/RGB00131.png,files/images/depth_img_I/D00131.npy,files/images/depth_img_II/D00131.npy,0.0998533342211019,-0.3365771458617278,1.178000010550022,0.1055357151797839,0.1800071444539797,1.303500011563301,570,0,320,0,570,240,0,0,1
132,files/images/rgb_img_I/RGB00132.png,files/images/rgb_img_II/RGB00132.png,files/images/depth_img_I/D00132.npy,files/images/depth_img_II/D00132.npy,0.0998533342211019,-0.3365771458617278,1.178000010550022,0.1055357151797839,0.1800071444539797,1.303500011563301,570,0,320,0,570,240,0,0,1
133,files/images/rgb_img_I/RGB00133.png,files/images/rgb_img_II/RGB00133.png,files/images/depth_img_I/D00133.npy,files/images/depth_img_II/D00133.npy,0.0998533342211019,-0.3365771458617278,1.178000010550022,0.1055357151797839,0.1800071444539797,1.303500011563301,570,0,320,0,570,240,0,0,1
134,files/images/rgb_img_I/RGB00134.png,files/images/rgb_img_II/RGB00134.png,files/images/depth_img_I/D00134.npy,files/images/depth_img_II/D00134.npy,0.0998533342211019,-0.3365771458617278,1.178000010550022,0.1055357151797839,0.1800071444539797,1.303500011563301,570,0,320,0,570,240,0,0,1
135,files/images/rgb_img_I/RGB00135.png,files/images/rgb_img_II/RGB00135.png,files/images/depth_img_I/D00135.npy,files/images/depth_img_II/D00135.npy,0.0998533342211019,-0.3365771458617278,1.178000010550022,0.1055357151797839,0.1800071444539797,1.303500011563301,570,0,320,0,570,240,0,0,1
136,files/images/rgb_img_I/RGB00136.png,files/images/rgb_img_II/RGB00136.png,files/images/depth_img_I/D00136.npy,files/images/depth_img_II/D00136.npy,0.0998533342211019,-0.3365771458617278,1.178000010550022,0.1055357151797839,0.1800071444539797,1.303500011563301,570,0,320,0,570,240,0,0,1
137,files/images/rgb_img_I/RGB00137.png,files/images/rgb_img_II/RGB00137.png,files/images/depth_img_I/D00137.npy,files/images/depth_img_II/D00137.npy,0.0998533342211019,-0.3365771458617278,1.178000010550022,0.1055357151797839,0.1800071444539797,1.303500011563301,570,0,320,0,570,240,0,0,1
138,files/images/rgb_img_I/RGB00138.png,files/images/rgb_img_II/RGB00138.png,files/images/depth_img_I/D00138.npy,files/images/depth_img_II/D00138.npy,0.0998533342211019,-0.3365771458617278,1.178000010550022,0.1055357151797839,0.1800071444539797,1.303500011563301,570,0,320,0,570,240,0,0,1
139,files/images/rgb_img_I/RGB00139.png,files/images/rgb_img_II/RGB00139.png,files/images/depth_img_I/D00139.npy,files/images/depth_img_II/D00139.npy,0.0998533342211019,-0.3365771458617278,1.178000010550022,0.1055357151797839,0.1800071444539797,1.303500011563301,570,0,320,0,570,240,0,0,1
140,files/images/rgb_img_I/RGB00140.png,files/images/rgb_img_II/RGB00140.png,files/images/depth_img_I/D00140.npy,files/images/depth_img_II/D00140.npy,0.0998533342211019,-0.3365771458617278,1.178000010550022,0.1055357151797839,0.1800071444539797,1.303500011563301,570,0,320,0,570,240,0,0,1
141,files/images/rgb_img_I/RGB00141.png,files/images/rgb_img_II/RGB00141.png,files/images/depth_img_I/D00141.npy,files/images/depth_img_II/D00141.npy,0.0998533342211019,-0.3365771458617278,1.178000010550022,0.1055357151797839,0.1800071444539797,1.303500011563301,570,0,320,0,570,240,0,0,1
142,files/images/rgb_img_I/RGB00142.png,files/images/rgb_img_II/RGB00142.png,files/images/depth_img_I/D00142.npy,files/images/depth_img_II/D00142.npy,0.0998533342211019,-0.3365771458617278,1.178000010550022,0.1055357151797839,0.1800071444539797,1.303500011563301,570,0,320,0,570,240,0,0,1
143,files/images/rgb_img_I/RGB00143.png,files/images/rgb_img_II/RGB00143.png,files/images/depth_img_I/D00143.npy,files/images/depth_img_II/D00143.npy,0.4454038058363256,-0.1292019036908944,1.1899999901652336,0.4452033389182318,0.3585357187759308,1.246500015258789,570,0,320,0,570,240,0,0,1
144,files/images/rgb_img_I/RGB00144.png,files/images/rgb_img_II/RGB00144.png,files/images/depth_img_I/D00144.npy,files/images/depth_img_II/D00144.npy,0.4454038058363256,-0.1292019036908944,1.1899999901652336,0.4452033389182318,0.3585357187759308,1.246500015258789,570,0,320,0,570,240,0,0,1
145,files/images/rgb_img_I/RGB00145.png,files/images/rgb_img_II/RGB00145.png,files/images/depth_img_I/D00145.npy,files/images/depth_img_II/D00145.npy,0.4454038058363256,-0.1292019036908944,1.1899999901652336,0.4452033389182318,0.3585357187759308,1.246500015258789,570,0,320,0,570,240,0,0,1
146,files/images/rgb_img_I/RGB00146.png,files/images/rgb_img_II/RGB00146.png,files/images/depth_img_I/D00146.npy,files/images/depth_img_II/D00146.npy,0.4454038058363256,-0.1292019036908944,1.1899999901652336,0.4452033389182318,0.3585357187759308,1.246500015258789,570,0,320,0,570,240,0,0,1
147,files/images/rgb_img_I/RGB00147.png,files/images/rgb_img_II/RGB00147.png,files/images/depth_img_I/D00147.npy,files/images/depth_img_II/D00147.npy,0.4454038058363256,-0.1292019036908944,1.1899999901652336,0.4452033389182318,0.3585357187759308,1.246500015258789,570,0,320,0,570,240,0,0,1
148,files/images/rgb_img_I/RGB00148.png,files/images/rgb_img_II/RGB00148.png,files/images/depth_img_I/D00148.npy,files/images/depth_img_II/D00148.npy,0.4454038058363256,-0.1292019036908944,1.1899999901652336,0.4452033389182318,0.3585357187759308,1.246500015258789,570,0,320,0,570,240,0,0,1
149,files/images/rgb_img_I/RGB00149.png,files/images/rgb_img_II/RGB00149.png,files/images/depth_img_I/D00149.npy,files/images/depth_img_II/D00149.npy,0.4454038058363256,-0.1292019036908944,1.1899999901652336,0.4452033389182318,0.3585357187759308,1.246500015258789,570,0,320,0,570,240,0,0,1
150,files/images/rgb_img_I/RGB00150.png,files/images/rgb_img_II/RGB00150.png,files/images/depth_img_I/D00150.npy,files/images/depth_img_II/D00150.npy,0.4454038058363256,-0.1292019036908944,1.1899999901652336,0.4452033389182318,0.3585357187759308,1.246500015258789,570,0,320,0,570,240,0,0,1
151,files/images/rgb_img_I/RGB00151.png,files/images/rgb_img_II/RGB00151.png,files/images/depth_img_I/D00151.npy,files/images/depth_img_II/D00151.npy,0.4454038058363256,-0.1292019036908944,1.1899999901652336,0.4452033389182318,0.3585357187759308,1.246500015258789,570,0,320,0,570,240,0,0,1
152,files/images/rgb_img_I/RGB00152.png,files/images/rgb_img_II/RGB00152.png,files/images/depth_img_I/D00152.npy,files/images/depth_img_II/D00152.npy,0.4454038058363256,-0.1292019036908944,1.1899999901652336,0.4452033389182318,0.3585357187759308,1.246500015258789,570,0,320,0,570,240,0,0,1
153,files/images/rgb_img_I/RGB00153.png,files/images/rgb_img_II/RGB00153.png,files/images/depth_img_I/D00153.npy,files/images/depth_img_II/D00153.npy,0.4454038058363256,-0.1292019036908944,1.1899999901652336,0.4452033389182318,0.3585357187759308,1.246500015258789,570,0,320,0,570,240,0,0,1
154,files/images/rgb_img_I/RGB00154.png,files/images/rgb_img_II/RGB00154.png,files/images/depth_img_I/D00154.npy,files/images/depth_img_II/D00154.npy,0.4454038058363256,-0.1292019036908944,1.1899999901652336,0.4452033389182318,0.3585357187759308,1.246500015258789,570,0,320,0,570,240,0,0,1
